Numer osobnika,Gatunek,Data z³apania,Waga samicy (mg),Waga kokonu (mg),Liczba jaj,Liczba prelarw/ embryo,Liczba larw/ juvenile,Liczba nimf,Liczba potomstwa ogó³em,Parazytoid TAK/NIE,Parazytoid stadium,D³ugoœæ g³owotu³owia [µm],Szerokoœæ g³owotu³owia [µm],Pomiar kokonu I [µm],Pomiar kokonu II [µm],Populacja
MIC_1,Pardosa lugubris,5/24/2019,20.3,16.7,40,,,,40,NIE,,2786,2048,3886,3476,MIC
MIC_2,Pardosa lugubris,5/24/2019,20.1,15.2,35,,,,35,NIE,,2779,2066,3994,3737,MIC
MIC_3,Pardosa lugubris,5/24/2019,19.5,16.2,8,,,,8,NIE,,2649,2061,3739,3166,MIC
MIC_4,Pardosa lugubris,5/24/2019,19.6,19.3,40,,,,40,NIE,,2773,2085,3927,3793,MIC
MIC_5,Pardosa lugubris,5/24/2019,19,14.8,38,,,,38,NIE,,2597,1948,3958,3479,MIC
MIC_6,Pardosa lugubris,5/24/2019,22.4,16.9,42,,,,42,NIE,,2760,2153,4385,3642,MIC
MIC_8,Pardosa lugubris,5/24/2019,21.9,16.7,45,,,,45,NIE,,2922,2243,4032,4013,MIC
MIC_9,Pardosa lugubris,5/24/2019,17.5,14.8,38,,,,38,NIE,,2243,2017,3848,3390,MIC
MIC_11,Pardosa lugubris,5/24/2019,14.6,12.6,25,,,,25,NIE,,2496,1829,3478,3380,MIC
MIC_12,Pardosa lugubris,5/24/2019,25.5,22.1,51,,,,51,NIE,,3002,2337,4196,4121,MIC
MIC_13,Pardosa lugubris,5/24/2019,14.1,11.4,29,,,,29,NIE,,2474,1901,3671,3523,MIC
MIC_14,Pardosa lugubris,5/24/2019,20.6,20.8,45,,,,45,NIE,,2945,2214,4062,4056,MIC
MIC_15,Pardosa lugubris,5/24/2019,23.4,20.9,47,,,,47,NIE,,2860,2224,4111,4056,MIC
MIC_16,Pardosa lugubris,5/24/2019,16.4,11.7,30,,,,30,NIE,,2817,2123,3514,3176,MIC
MIC_18,Pardosa lugubris,5/24/2019,19.2,15.2,31,,,,31,NIE,,2754,2037,4001,3499,MIC
MIC_19,Pardosa lugubris,5/24/2019,21.1,17,39,,,,39,NIE,,2779,2180,4036,3885,MIC
MIC_20,Pardosa lugubris,5/24/2019,20,16.1,36,,,,36,NIE,,2748,2082,3997,3490,MIC
MIC_21,Pardosa lugubris,5/24/2019,20.8,14.9,36,,,,36,NIE,,2800,2124,3847,3568,MIC
MIC_22,Pardosa lugubris,5/24/2019,18.5,15.7,40,,,,40,NIE,,2723,2051,3713,3675,MIC
MIC_23,Pardosa lugubris,5/24/2019,17.7,18,34,,,,34,NIE,,2666,2030,4023,3826,MIC
MIC_3,Pardosa lugubris,6/7/2019,23,21.9,,51,,,51,NIE,,2925,2195,4461,3933,MIC
MIC_4,Pardosa lugubris,6/7/2019,21.4,23.7,,,39,,39,NIE,,2793,2095,4503,4319,MIC
MIC_7,Pardosa lugubris,6/7/2019,25.8,26.5,48,,,,48,NIE,,2995,2266,3958,3866,MIC
MIC_8,Pardosa lugubris,6/7/2019,16.7,14.8,,,42,,42,NIE,,2795,2159,4333,3968,MIC
MIC_10,Pardosa lugubris,6/7/2019,19,22.3,,,49,,49,NIE,,2797,2391,4603,4327,MIC
MIC_11,Pardosa lugubris,6/7/2019,17.5,14.3,,,42,,42,NIE,,2655,2233,4128,4072,MIC
MIC_12,Pardosa lugubris,6/7/2019,14,15.9,41,,,,41,NIE,,2695,2031,3949,3757,MIC
MIC_13,Pardosa lugubris,6/7/2019,13.8,14.3,,,38,,38,NIE,,2504,1922,3723,3722,MIC
MIC_14,Pardosa lugubris,6/7/2019,11.8,5.3,,,31,,31,NIE,,2447,1916,4062,3891,MIC
MIC_15,Pardosa lugubris,6/7/2019,14.3,14.3,,,40,,40,NIE,,2591,2044,4129,3768,MIC
MIC_16,Pardosa lugubris,6/7/2019,12.8,13.9,,42,,,42,NIE,,2630,2114,4138,3653,MIC
MIC_17,Pardosa lugubris,6/7/2019,9.1,8.9,,34,,,34,NIE,,2411,1940,3832,3628,MIC
MIC_19,Pardosa lugubris,6/7/2019,13,15.2,32,,,,32,NIE,,2547,1968,4117,3876,MIC
MIC_5,Pardosa lugubris,6/21/2019,16.1,19.5,,,,42,42,NIE,,2543,1956,4422,4126,MIC
MIC_9,Pardosa lugubris,6/21/2019,19,8.6,15,,7,,22,NIE,,2657,2100,3596,3482,MIC
MIC_10,Pardosa lugubris,6/21/2019,16.9,11.8,,,?,,,TAK,LARWA,2764,2135,3977,3616,MIC
MIC_14,Pardosa lugubris,6/21/2019,17.4,12.6,,,30,,30,NIE,,2707,2085,3676,3529,MIC
MIC_16,Pardosa lugubris,6/21/2019,18.2,13.8,35,,,,35,NIE,,2740,2110,3665,3621,MIC
MIC_17,Pardosa lugubris,6/21/2019,16.5,12.5,,,30,,30,NIE,,2717,2129,3825,3740,MIC
MIC_20,Pardosa lugubris,6/21/2019,,,,,,,,TAK,IMAGO,2898,2174,,,MIC
MIC_1,Pardosa lugubris,7/8/2019,16.9,6.3,,,,,,TAK,POCZWARKA,2603,2095,4744,2806,MIC
MIC_2,Pardosa lugubris,7/8/2019,15.4,10.2,,20,,,20,NIE,,2527,1915,3696,3143,MIC
MIC_4,Pardosa lugubris,7/8/2019,18.8,9.9,,26,,,26,NIE,,2757,2079,3676,3255,MIC
MIC_5,Pardosa lugubris,7/8/2019,14.6,7.9,,,20,,20,NIE,,2559,1969,3608,3328,MIC
MIC_6,Pardosa lugubris,7/8/2019,18.3,7.8,,18,,,18,NIE,,2646,2070,3624,2917,MIC
MIC_7,Pardosa lugubris,7/8/2019,13.3,5.2,,,,,,TAK,POCZWARKA,2439,1863,3528,2496,MIC
MIC_8,Pardosa lugubris,7/8/2019,16.6,10.2,,27,,,27,TAK,LARWA,2724,2076,3762,3577,MIC
MIC_9,Pardosa lugubris,7/8/2019,19.3,13.1,37,,,,37,NIE,,2830,2126,3970,3607,MIC
MIC_10,Pardosa lugubris,7/8/2019,20.6,9.4,,?,?,,,TAK,LARWA,2793,2187,3849,3624,MIC
MIC_11,Pardosa lugubris,7/8/2019,17.2,11.2,,,29,,29,NIE,,2645,2085,3680,3517,MIC
MIC_12,Pardosa lugubris,7/8/2019,18.1,12,,,30,,30,NIE,,2646,2195,3883,3719,MIC
MIC_13,Pardosa lugubris,7/8/2019,15.1,9.6,,25,,,25,NIE,,2396,1952,3511,3440,MIC
MIC_14,Pardosa lugubris,7/8/2019,16.1,9.9,27,,,,27,NIE,,2618,2000,3881,3379,MIC
MIC_15,Pardosa lugubris,7/8/2019,21.4,11.2,31,,,,31,NIE,,2862,2232,3618,3590,MIC
MIC_16,Pardosa lugubris,7/8/2019,16.4,12.5,,,29,,29,NIE,,2553,2029,3880,3724,MIC
MIC_17,Pardosa lugubris,7/8/2019,23.9,16.9,,,35,,35,NIE,,2883,2238,4189,4062,MIC
MIC_19,Pardosa lugubris,7/8/2019,20,6.8,,,,,,TAK,LARWA,2806,2177,4548,3658,MIC
MIC_1,Pardosa lugubris,7/12/2019,19.8,6.6,,,,,,TAK,POCZWARKA,2724,2150,4148,2777,MIC
MIC_2,Pardosa lugubris,7/12/2019,20.5,14.9,,,35,,35,NIE,,2852,2222,4015,3883,MIC
MIC_3,Pardosa lugubris,7/12/2019,13.9,7.1,9,,,,9,NIE,,2759,2087,3198,2329,MIC
MIC_4,Pardosa lugubris,7/12/2019,17.7,7.3,,,,,,TAK,POCZWARKA,2722,2210,4941,2985,MIC
MIC_5,Pardosa lugubris,7/12/2019,23.7,7.6,,,,,,TAK,POCZWARKA,2806,2289,4859,3315,MIC
MIC_6,Pardosa lugubris,7/12/2019,14.3,11.3,26,,,,26,NIE,,2583,1999,3620,3339,MIC
MIC_7,Pardosa lugubris,7/12/2019,18.3,8.7,,,,,,TAK,LARWA,2634,2236,3855,3720,MIC
MIC_8,Pardosa lugubris,7/12/2019,19,8.3,26,,,,26,NIE,,2875,2244,3858,3636,MIC
MIC_10,Pardosa lugubris,7/12/2019,15.4,12.8,25,,,,25,NIE,,2604,2085,3771,3473,MIC
MIC_1,Pardosa lugubris,7/18/2019,16.2,9.9,,,24,,24,NIE,,2603,2049,3419,3406,MIC
MIC_2,Pardosa lugubris,7/18/2019,16.4,6.6,,,,,,TAK,POCZWARKA,2780,2080,3862,2637,MIC
MIC_3,Pardosa lugubris,7/18/2019,12.6,4.7,,,,,,TAK,POCZWARKA,2488,1921,3692,2966,MIC
MIC_4,Pardosa lugubris,7/18/2019,18.5,10.9,,,,,,TAK,LARWA,2652,2070,3872,3566,MIC
MIC_5,Pardosa lugubris,7/18/2019,20.9,10.5,?,,,,,NIE,,2839,2162,3072,2530,MIC
MIC_6,Pardosa lugubris,7/18/2019,17.2,7.1,,,,,,TAK,POCZWARKA,2697,2135,3845,2763,MIC
MIC_7,Pardosa lugubris,7/18/2019,20.1,7.9,,,,,,TAK,POCZWARKA,2724,2143,4191,2780,MIC
MIC_8,Pardosa lugubris,7/18/2019,17.5,5.6,,,,,,TAK,POCZWARKA,2515,2064,3898,2409,MIC
MIC_9,Pardosa lugubris,7/18/2019,21.4,5.7,,,,,,TAK,POCZWARKA,2832,2172,3856,2714,MIC
MIC_10,Pardosa lugubris,7/18/2019,12.3,8.7,,,21,,21,NIE,,2474,1979,3799,3155,MIC
MIC_12,Pardosa lugubris,7/18/2019,15.6,4.8,,,,,,TAK,POCZWARKA,2261,1880,3560,2486,MIC
MIC_13,Pardosa lugubris,7/18/2019,16.7,11.2,,,26,,26,NIE,,2622,2013,3972,3618,MIC
MIC_14,Pardosa lugubris,7/18/2019,17.5,4,,,,,,TAK,POCZWARKA,2677,2087,3522,2512,MIC
MIC_15,Pardosa lugubris,7/18/2019,14.8,10.7,,,21,,21,NIE,,2551,1999,3727,3540,MIC
MIC_16,Pardosa lugubris,7/18/2019,20.3,12.2,,,29,,29,NIE,,2709,2173,4193,3693,MIC
MIC_17,Pardosa lugubris,7/18/2019,13.9,4.8,,,,,,TAK,POCZWARKA,2489,1889,3537,2295,MIC
MIC_18,Pardosa lugubris,7/18/2019,23.1,10.4,,,,,,TAK,LARWA,2727,2215,3927,3771,MIC
MIC_19,Pardosa lugubris,7/18/2019,18.5,10.2,21,,,,21,NIE,,2717,2066,3417,3186,MIC
MIC_20,Pardosa lugubris,7/18/2019,17.5,12.5,,,30,,30,NIE,,2602,2033,3953,3926,MIC
MIC_1,Pardosa lugubris,7/26/2019,20.9,5.2,12,,,,12,NIE,,2842,2230,2849,2347,MIC
MIC_2,Pardosa lugubris,7/26/2019,11.8,3.9,,,,,,TAK,POCZWARKA,2429,1928,3495,2361,MIC
MIC_3,Pardosa lugubris,7/26/2019,19.3,19.2,,,,35,35,NIE,,2792,2182,4341,4118,MIC
MIC_5,Pardosa lugubris,7/26/2019,18.5,4,,,,,,TAK,POCZWARKA,2697,2102,3718,3055,MIC
MIC_6,Pardosa lugubris,7/26/2019,15.4,13.3,,,27,,27,NIE,,2582,2009,3828,3718,MIC
MIC_7,Pardosa lugubris,7/26/2019,15.2,6.5,1,16,,,17,NIE,,2775,2033,3367,3142,MIC
MIC_8,Pardosa lugubris,7/26/2019,15.6,2.7,,,,,,TAK,POCZWARKA,2588,1953,3422,2076,MIC
MIC_9,Pardosa lugubris,7/26/2019,16.7,9.6,,,20,,20,NIE,,2653,2018,4057,3620,MIC
MIC_10,Pardosa lugubris,7/26/2019,17.4,11.5,,,22,,20,NIE,,2626,1997,3896,3798,MIC
MIC_11,Pardosa lugubris,7/26/2019,13.5,4.2,,,,,,TAK,POCZWARKA,2471,1883,3640,2358,MIC
MIC_12,Pardosa lugubris,7/26/2019,19.3,8.4,17,,,,17,NIE,,2766,2123,3117,2600,MIC
MIC_13,Pardosa lugubris,7/26/2019,15.2,3.9,,,9,,9,NIE,,2610,1967,2874,2751,MIC
MIC_14,Pardosa lugubris,7/26/2019,20.3,11.7,2,22,,,24,NIE,,2814,2101,4013,4004,MIC
MIC_15,Pardosa lugubris,7/26/2019,15.6,4.2,,,,,,TAK,POCZWARKA,2466,1944,3766,2861,MIC
MIC_16,Pardosa lugubris,7/26/2019,16.9,4.5,,,,,,TAK,POCZWARKA,2600,2024,3667,2989,MIC
MIC_17,Pardosa lugubris,7/26/2019,19.2,6,,,,,,TAK,POCZWARKA,2840,2178,4191,3064,MIC
MIC_18,Pardosa lugubris,7/26/2019,14.1,7.8,3,,16,,19,NIE,,2450,1914,3594,3267,MIC
MIC_20,Pardosa lugubris,7/26/2019,17.9,12.8,,,25,,25,NIE,,2603,2018,3792,3524,MIC
MIC_1,Pardosa lugubris,7/31/2019,18,9.2,23,,,,23,NIE,,2694,2141,3290,3119,MIC
MIC_2,Pardosa lugubris,7/31/2019,15.7,4.7,,,,,,TAK,POCZWARKA,2618,2061,3791,2928,MIC
MIC_3,Pardosa lugubris,7/31/2019,15.1,6.6,1,17,,,18,NIE,,3667,2143,3268,3044,MIC
MIC_4,Pardosa lugubris,7/31/2019,17.4,12.7,,,,26,26,NIE,,2781,2118,3857,3805,MIC
MIC_5,Pardosa lugubris,7/31/2019,10.8,9.1,,,19,,19,NIE,,2372,1870,3602,3426,MIC
MIC_6,Pardosa lugubris,7/31/2019,18.2,5.2,13,,,,13,NIE,,2630,2073,2779,2532,MIC
MIC_7,Pardosa lugubris,7/31/2019,20.3,13.1,,,,31,31,NIE,,2658,2144,4296,3929,MIC
MIC_8,Pardosa lugubris,7/31/2019,16.7,6.3,,,,,,TAK,POCZWARKA,2622,2082,3997,3116,MIC
MIC_9,Pardosa lugubris,7/31/2019,14.3,4.7,,,,,,TAK,POCZWARKA,2470,1973,3795,2847,MIC
MIC_10,Pardosa lugubris,7/31/2019,15,5.8,15,,,,15,NIE,,2461,2043,2872,2722,MIC
MIC_11,Pardosa lugubris,7/31/2019,13,3.4,,,,,,TAK,POCZWARKA,2591,2039,3469,2662,MIC
MIC_12,Pardosa lugubris,7/31/2019,15.9,4.7,,,,,,TAK,POCZWARKA,2577,1950,3839,2651,MIC
MIC_13,Pardosa lugubris,7/31/2019,21.3,4.5,,,,,,TAK,POCZWARKA,2793,2186,3926,3441,MIC
MIC_1,Pardosa lugubris,8/7/2019,10.4,3.5,2,,8,,10,NIE,,2414,1857,2982,2607,MIC
MIC_2,Pardosa lugubris,8/7/2019,15.2,7.6,15,,,,15,NIE,,2606,2122,2831,2537,MIC
MIC_3,Pardosa lugubris,8/7/2019,16.2,5.3,12,,,,12,NIE,,2642,2099,2710,2560,MIC
MIC_5,Pardosa lugubris,8/7/2019,12.5,8.1,,,12,,12,NIE,,2351,1936,3507,2963,MIC
MIC_6,Pardosa lugubris,8/7/2019,13.5,5,,,,,,TAK,POCZWARKA,2717,2104,3784,3011,MIC
MIC_7,Pardosa lugubris,8/7/2019,17.9,8.7,20,,,,20,NIE,,2624,2033,3273,3055,MIC
MIC_8,Pardosa lugubris,8/7/2019,17.7,5.8,?,,,,,NIE,,2672,2191,3006,2532,MIC
MIC_10,Pardosa lugubris,8/7/2019,17.5,6.6,,,16,,16,NIE,,2654,2147,4305,2719,MIC
MIC_11,Pardosa lugubris,8/7/2019,16.9,4.2,,10,,,10,NIE,,2754,2236,3374,2799,MIC
MIC_12,Pardosa lugubris,8/7/2019,12.8,6.3,17,,,,17,NIE,,2573,2037,3017,2855,MIC
MIC_13,Pardosa lugubris,8/7/2019,12.9,8.9,,,17,,17,NIE,,2460,1972,3509,3271,MIC
MIC_14,Pardosa lugubris,8/7/2019,17,14.1,,,25,,25,NIE,,2753,2095,4430,3555,MIC
MIC_15,Pardosa lugubris,8/7/2019,14.7,8.3,15,,,,15,NIE,,2638,2007,3052,3045,MIC
MIC_16,Pardosa lugubris,8/7/2019,8.9,3,,,,,,TAK,POCZWARKA,2303,1821,3453,2856,MIC
MIC_1,Pardosa lugubris,8/15/2019,15.7,1.9,?,,,,,NIE,,2769,2141,2236,1935,MIC
MIC_2,Pardosa lugubris,8/15/2019,13.8,5.5,,,13,,13,NIE,,2642,2039,3348,3157,MIC
MIC_3,Pardosa lugubris,8/15/2019,11,7.6,,,16,,16,NIE,,2543,1900,3342,3165,MIC
MIC_4,Pardosa lugubris,8/15/2019,13.5,4.8,2,,7,,9,NIE,,2528,2050,3378,2965,MIC
MIC_5,Pardosa lugubris,8/15/2019,15.9,7.9,17,,,,17,NIE,,2760,2131,3102,2890,MIC
MIC_6,Pardosa lugubris,8/15/2019,12.5,4.2,?,,,,,NIE,,2595,2113,2855,2326,MIC
MIC_1,Pardosa lugubris,8/22/2019,14.9,7.1,,,12,,12,NIE,,2549,2048,3352,2855,MIC
MIC_1,Pardosa lugubris,5/28/2020,14.3,14,37,,,,37,NIE,,2326,1927,3563,3456,MIC
MIC_2,Pardosa lugubris,5/28/2020,16.7,14.1,31,,,,31,NIE,,2562,2012,3589,3497,MIC
MIC_9,Pardosa lugubris,5/28/2020,18.4,17.4,38,,,,38,NIE,,2662,2067,3835,3676,MIC
MIC_10,Pardosa lugubris,5/28/2020,17.7,15.4,32,,,,32,NIE,,2600,2114,3849,3632,MIC
MIC_11,Pardosa lugubris,5/28/2020,19.5,19.8,47,,,,47,NIE,,2758,2156,4025,3804,MIC
MIC_14,Pardosa lugubris,5/28/2020,20.1,19,41,,,,41,NIE,,2888,2173,4249,4031,MIC
MIC_1,Pardosa lugubris,6/9/2020,12,12.5,31,,,,31,NIE,,2593,1985,3641,3628,MIC
MIC_2,Pardosa lugubris,6/9/2020,15.9,13.1,29,,,,29,NIE,,2552,1944,3636,3516,MIC
MIC_3,Pardosa lugubris,6/9/2020,24.7,17.7,41,,,,41,NIE,,2866,2200,3807,3679,MIC
MIC_4,Pardosa lugubris,6/9/2020,16.7,17,41,,,,41,NIE,,2675,2082,3952,3869,MIC
MIC_5,Pardosa lugubris,6/9/2020,13.6,9.2,,29,,,29,NIE,,2454,1889,3493,3266,MIC
MIC_7,Pardosa lugubris,6/9/2020,17.7,17.2,35,,,,35,NIE,,2568,1982,3735,3573,MIC
MIC_8,Pardosa lugubris,6/9/2020,15.1,11.5,31,,,,31,NIE,,2581,2039,3611,3531,MIC
MIC_9,Pardosa lugubris,6/9/2020,19.3,13.9,42,,,,42,NIE,,2885,2062,3867,3724,MIC
MIC_10,Pardosa lugubris,6/9/2020,12.6,8.9,1,26,,,27,NIE,,2454,1879,3839,3564,MIC
MIC_11,Pardosa lugubris,6/9/2020,15.4,12,26,,,,26,NIE,,2454,1899,3653,3305,MIC
MIC_12,Pardosa lugubris,6/9/2020,18.3,13.5,36,,,,36,NIE,,2678,2030,3915,3732,MIC
MIC_13,Pardosa lugubris,6/9/2020,14.8,12.8,32,,,,32,NIE,,2518,1990,3631,3415,MIC
MIC_2,Pardosa lugubris,6/16/2020,22.7,15.2,,,40,,40,NIE,,2843,2255,4129,3881,MIC
MIC_3,Pardosa lugubris,6/16/2020,15.8,19.3,,,43,,43,NIE,,2643,2049,4299,4101,MIC
MIC_4,Pardosa lugubris,6/16/2020,19.2,17,,,43,,43,NIE,,2749,2076,4294,4174,MIC
MIC_5,Pardosa lugubris,6/16/2020,20.2,19.2,49,,,,49,NIE,,2792,2275,4088,4082,MIC
MIC_6,Pardosa lugubris,6/16/2020,17.4,16.9,,51,,,51,NIE,,2662,2068,4227,4187,MIC
MIC_7,Pardosa lugubris,6/16/2020,15.2,14.9,,,36,,36,NIE,,2529,2059,3917,3853,MIC
MIC_2,Pardosa lugubris,6/19/2020,18.7,16.9,,,44,,44,NIE,,2586,2280,3995,3870,MIC
MIC_3,Pardosa lugubris,6/19/2020,12,8.9,,23,,,23,NIE,,2409,2008,3368,3231,MIC
MIC_4,Pardosa lugubris,6/19/2020,13.3,8.6,,,16,,16,NIE,,2417,2027,3305,3206,MIC
MIC_5,Pardosa lugubris,6/19/2020,13.6,15.1,,,39,,39,NIE,,2304,1977,3887,3823,MIC
MIC_6,Pardosa lugubris,6/19/2020,15.4,12.3,31,,,,31,NIE,,2496,2104,3577,3384,MIC
MIC_7,Pardosa lugubris,6/19/2020,15.3,12.8,,,36,,36,NIE,,2521,2091,3756,3703,MIC
MIC_8,Pardosa lugubris,6/19/2020,16.7,16.4,,,32,,32,NIE,,2438,2153,4064,3863,MIC
MIC_9,Pardosa lugubris,6/19/2020,21.9,19.5,49,,,,49,NIE,,2725,2466,4065,3745,MIC
MIC_10,Pardosa lugubris,6/19/2020,20.6,15.7,,,31,,31,NIE,,2742,2365,4064,3814,MIC
MIC_1,Pardosa lugubris,7/1/2020,12.6,21.1,,,49,,49,NIE,,2800,2210,4376,4247,MIC
MIC_2,Pardosa lugubris,7/1/2020,13.3,14.8,,,,34,34,NIE,,2491,2025,3851,3706,MIC
MIC_3,Pardosa lugubris,7/1/2020,11,11,,,27,,27,NIE,,2347,1912,3603,3357,MIC
MIC_4,Pardosa lugubris,7/1/2020,16.9,16.7,,,,46,46,NIE,,2636,2214,3889,3817,MIC
MIC_5,Pardosa lugubris,7/1/2020,12.8,14.3,,,37,,37,NIE,,2582,2054,3920,3849,MIC
MIC_1,Pardosa lugubris,7/2/2020,15.4,17,,,37,,37,NIE,,2490,2023,3838,3696,MIC
MIC_2,Pardosa lugubris,7/2/2020,17.4,10.2,29,,,,29,NIE,,2654,2141,3584,3477,MIC
MIC_5,Pardosa lugubris,7/2/2020,11.5,16.1,,,34,,34,NIE,,2541,1992,3778,3670,MIC
MIC_1,Pardosa lugubris,7/9/2020,17.5,13.7,27,,,,27,NIE,,2644,2018,3289,3060,MIC
MIC_3,Pardosa lugubris,7/9/2020,23.2,17.9,,,42,,42,NIE,,3053,2465,4054,3950,MIC
MIC_4,Pardosa lugubris,7/9/2020,13.1,10,21,,,,21,NIE,,2414,1875,3434,3077,MIC
MIC_5,Pardosa lugubris,7/9/2020,16.4,8.6,20,,,,20,NIE,,2716,2128,3259,2797,MIC
MIC_6,Pardosa lugubris,7/9/2020,20.9,17.5,34,,,,34,NIE,,2751,2191,4144,3546,MIC
MIC_7,Pardosa lugubris,7/9/2020,16.9,10.7,25,,,,25,NIE,,2640,2060,3260,3244,MIC
MIC_8,Pardosa lugubris,7/9/2020,18.5,12.8,25,,,,25,NIE,,2590,2042,3623,3393,MIC
MIC_10,Pardosa lugubris,7/9/2020,17.2,13.1,24,,,,24,NIE,,2610,2008,3512,3366,MIC
MIC_1,Pardosa lugubris,7/12/2020,16.9,14.1,,,31,,31,NIE,,2597,2069,3773,3629,MIC
MIC_2,Pardosa lugubris,7/12/2020,15.4,11.7,25,,,,25,NIE,,2588,2142,3217,3186,MIC
MIC_3,Pardosa lugubris,7/12/2020,13,11.5,27,,,,27,NIE,,2514,2058,3360,3191,MIC
MIC_4,Pardosa lugubris,7/12/2020,15.4,10,23,,,,23,NIE,,2708,2038,3452,3225,MIC
MIC_5,Pardosa lugubris,7/12/2020,15.1,10.5,21,,,,21,NIE,,2594,2110,3434,3269,MIC
MIC_6,Pardosa lugubris,7/12/2020,23.9,17.5,38,,,,38,NIE,,2885,2440,3886,3852,MIC
MIC_7,Pardosa lugubris,7/12/2020,13.5,9.6,17,,,,17,NIE,,2521,2072,3268,3159,MIC
MIC_8,Pardosa lugubris,7/12/2020,14.6,13,28,,,,28,NIE,,2663,2062,3814,3311,MIC
MIC_9,Pardosa lugubris,7/12/2020,16.4,15.4,32,,,,32,NIE,,2536,2151,3630,3544,MIC
MIC_10,Pardosa lugubris,7/12/2020,16.1,11.1,29,,,,29,NIE,,2587,2002,3439,3335,MIC
MIC_11,Pardosa lugubris,7/12/2020,19.6,11.7,20,,,,20,NIE,,2823,2326,3682,3417,MIC
MIC_12,Pardosa lugubris,7/12/2020,16.6,10.9,26,,,,26,NIE,,2537,1980,3391,3349,MIC
MIC_13,Pardosa lugubris,7/12/2020,16.6,12,22,,,,22,NIE,,2434,2206,3596,3354,MIC
MIC_1,Pardosa lugubris,7/15/2020,14.4,11,25,,,,25,NIE,,2521,1953,3177,3054,MIC
MIC_2,Pardosa lugubris,7/15/2020,20.3,12.2,30,,,,30,NIE,,2712,2396,3527,3230,MIC
MIC_3,Pardosa lugubris,7/15/2020,15.1,9.7,18,,,,18,NIE,,2194,2011,3212,3001,MIC
MIC_4,Pardosa lugubris,7/15/2020,15.9,11.7,25,,,,25,NIE,,2460,2014,3536,3257,MIC
MIC_5,Pardosa lugubris,7/15/2020,14.3,13.5,27,,,,27,NIE,,2610,2140,3544,3428,MIC
MIC_6,Pardosa lugubris,7/15/2020,11.3,7.9,20,,,,20,NIE,,2282,1902,3357,3072,MIC
MIC_7,Pardosa lugubris,7/15/2020,17.4,11.3,30,,,,30,NIE,,2428,2266,3702,3420,MIC
MIC_1,Pardosa lugubris,7/18/2020,24.4,11.5,,,23,,23,NIE,,2728,2198,4031,3726,MIC
MIC_3,Pardosa lugubris,7/18/2020,18.5,10.9,23,,,,23,NIE,,2767,2114,3685,2821,MIC
MIC_1,Pardosa lugubris,7/22/2020,13,9.6,,,25,,25,NIE,,,,3686,3241,MIC
MIC_2,Pardosa lugubris,7/22/2020,13,10.9,,,23,,23,NIE,,2552,1976,3694,3452,MIC
MIC_3,Pardosa lugubris,7/22/2020,14.8,11,25,,,,25,NIE,,,,3831,3059,MIC
MIC_4,Pardosa lugubris,7/22/2020,13.1,7.5,,21,,,21,NIE,,,,3237,2994,MIC
MIC_5,Pardosa lugubris,7/22/2020,19.5,10.4,1,27,,,28,NIE,,2858,2256,3757,3557,MIC
MIC_8,Pardosa lugubris,7/22/2020,9.2,3.7,,,,,,TAK,POCZWARKA,2481,2137,3727,2467,MIC
MIC_9,Pardosa lugubris,7/22/2020,13.6,8.1,,,22,,22,NIE,,,,3513,3272,MIC
MIC_10,Pardosa lugubris,7/22/2020,15.1,12.3,28,,,,28,NIE,,,,3387,3386,MIC
MIC_11,Pardosa lugubris,7/22/2020,14.4,7.3,18,,,,18,NIE,,,,3060,2931,MIC
MIC_12,Pardosa lugubris,7/22/2020,9.6,5.2,8,,,,8,NIE,,,,2815,2516,MIC
MIC_13,Pardosa lugubris,7/22/2020,18.4,7.3,15,,,,15,NIE,,,,3112,2742,MIC
MIC_14,Pardosa lugubris,7/22/2020,15.7,11.7,,,30,,30,NIE,,,,3735,3566,MIC
MIC_16,Pardosa lugubris,7/22/2020,21.3,13.6,37,,,,37,NIE,,,,3950,3738,MIC
MIC_17,Pardosa lugubris,7/22/2020,13.6,9.7,2,24,,,26,NIE,,2645,2065,3788,3421,MIC
MIC_18,Pardosa lugubris,7/22/2020,13.1,5.8,9,,,,9,NIE,,,,,,MIC
MIC_19,Pardosa lugubris,7/22/2020,15.1,11.3,,,27,,27,NIE,,,,3791,3652,MIC
MIC_20,Pardosa lugubris,7/22/2020,14.9,10.7,2,28,,,30,NIE,,2441,2086,3735,3718,MIC
MIC_1,Pardosa lugubris,7/28/2020,14.1,6,,,,,,TAK,POCZWARKA,2388,1934,3604,2880,MIC
MIC_2,Pardosa lugubris,7/28/2020,18.7,14.9,,,37,,37,NIE,,2671,2156,3906,3781,MIC
MIC_3,Pardosa lugubris,7/28/2020,15.4,8.3,,22,,,22,NIE,,2478,1938,3382,3259,MIC
MIC_4,Pardosa lugubris,7/28/2020,15.8,11,,26,,,26,NIE,,2682,2041,3733,3398,MIC
MIC_5,Pardosa lugubris,7/28/2020,21.4,12.2,,30,,,30,NIE,,2842,2380,4047,3884,MIC
MIC_6,Pardosa lugubris,7/28/2020,18.2,12,34,,,,34,NIE,,2655,2114,3465,3257,MIC
MIC_7,Pardosa lugubris,7/28/2020,21.4,13.3,,31,,,31,NIE,,2801,2266,3921,3913,MIC
MIC_9,Pardosa lugubris,7/28/2020,10.9,10,,,24,,24,NIE,,2274,1875,3322,3334,MIC
MIC_10,Pardosa lugubris,7/28/2020,23.4,13.3,,,30,,30,NIE,,2747,2492,3907,3684,MIC
MIC_11,Pardosa lugubris,7/28/2020,11.3,11,,,21,,21,NIE,,2399,2070,3366,3313,MIC
MIC_12,Pardosa lugubris,7/28/2020,15.3,10.7,,,25,,25,NIE,,2495,2073,3725,3628,MIC
MIC_13,Pardosa lugubris,7/28/2020,14.8,11.7,,,27,,27,NIE,,2570,2175,3866,3422,MIC
MIC_14,Pardosa lugubris,7/28/2020,14.1,10.7,,,22,,22,NIE,,2561,2099,3697,3627,MIC
MIC_15,Pardosa lugubris,7/28/2020,11.5,8.4,,,22,,22,NIE,,,,3655,3471,MIC
MIC_16,Pardosa lugubris,7/28/2020,13.5,9.9,,,25,,25,NIE,,2320,1997,3536,3528,MIC
MIC_17,Pardosa lugubris,7/28/2020,10.5,8.9,,,20,,20,NIE,,2315,1761,3403,3204,MIC
MIC_18,Pardosa lugubris,7/28/2020,12.5,10.7,,,29,,29,NIE,,2336,2109,3676,3371,MIC
MIC_19,Pardosa lugubris,7/28/2020,12.8,11.1,,,30,,30,NIE,,2408,2235,3830,3732,MIC
MIC_1,Pardosa lugubris,8/5/2020,16,6.6,15,,,,15,NIE,,2516,1998,2741,2489,MIC
MIC_2,Pardosa lugubris,8/5/2020,24,6.9,,,15,,15,NIE,,2806,2240,3675,3348,MIC
MIC_3,Pardosa lugubris,8/5/2020,17.7,11,,,23,,23,NIE,,2588,2243,3685,3498,MIC
MIC_4,Pardosa lugubris,8/5/2020,19.3,12,,,25,,25,NIE,,2717,2350,,,MIC
MIC_5,Pardosa lugubris,8/5/2020,16.2,14.3,,,28,,28,NIE,,2494,2053,3950,3901,MIC
MIC_6,Pardosa lugubris,8/5/2020,14.9,11.3,,,,23,23,NIE,,2425,2009,3636,3346,MIC
MIC_7,Pardosa lugubris,8/5/2020,18.6,9.3,,23,,,23,NIE,,2583,2104,3700,3466,MIC
MIC_8,Pardosa lugubris,8/5/2020,20,17.9,,,39,,39,NIE,,2567,2266,4235,4256,MIC
MIC_9,Pardosa lugubris,8/5/2020,17.7,11,,,27,,27,NIE,,2539,2214,3920,3612,MIC
MIC_10,Pardosa lugubris,8/5/2020,19.3,14.9,,,32,,32,NIE,,2664,2252,4105,3560,MIC
MIC_11,Pardosa lugubris,8/5/2020,15.3,4.1,,,9,,9,NIE,,2436,1990,2725,2641,MIC
MIC_12,Pardosa lugubris,8/5/2020,19.8,15.7,,,34,,34,NIE,,2563,2320,4104,4007,MIC
MIC_13,Pardosa lugubris,8/5/2020,16.6,9.1,,,,,,TAK,LARWA,2618,2075,3795,3449,MIC
MIC_14,Pardosa lugubris,8/5/2020,16.6,7.4,15,,,,15,NIE,,2641,2135,3113,2794,MIC
MIC_15,Pardosa lugubris,8/5/2020,15.7,6.6,17,,,,17,NIE,,2573,2056,3145,3112,MIC
MIC_16,Pardosa lugubris,8/5/2020,14.1,8.4,,,20,,20,NIE,,2505,1883,3453,3441,MIC
MIC_17,Pardosa lugubris,8/5/2020,14.9,6.6,,,17,,17,NIE,,2407,1895,3357,3246,MIC
MIC_18,Pardosa lugubris,8/5/2020,14.9,7.1,23,,,,23,NIE,,2592,2031,3004,2861,MIC
MIC_19,Pardosa lugubris,8/5/2020,18.8,12.6,,,28,,28,NIE,,2497,2245,3845,3649,MIC
MIC_20,Pardosa lugubris,8/5/2020,13.6,9.9,,,,18,18,NIE,,2428,2017,3401,3336,MIC
MIC_21,Pardosa lugubris,8/5/2020,22.5,4.5,,,,,0,TAK,POCZWARKA,,,4297,3534,MIC
MIC_22,Pardosa lugubris,8/5/2020,16.2,7.9,,,,,,TAK,LARWA,2439,2168,3598,3442,MIC
MIC_23,Pardosa lugubris,8/5/2020,16.1,6.9,,,15,,15,NIE,,2624,1858,3192,2917,MIC
MIC_24,Pardosa lugubris,8/5/2020,23.5,12.2,,,30,,30,NIE,,2866,2255,3858,3557,MIC
MIC_25,Pardosa lugubris,8/5/2020,15.5,5.6,10,,,,10,NIE,,2503,1706,3067,2779,MIC
MIC_1,Pardosa lugubris,8/7/2020,23.6,17.2,,,28,,28,NIE,,2774,2269,4036,3968,MIC
MIC_2,Pardosa lugubris,8/7/2020,15.4,7.4,,,19,,19,NIE,,2541,2109,3304,3292,MIC
MIC_3,Pardosa lugubris,8/7/2020,16.6,10.5,,,,23,23,NIE,,2453,2124,,,MIC
MIC_4,Pardosa lugubris,8/7/2020,15.6,16.1,,,35,,35,NIE,,2660,2437,4026,4013,MIC
MIC_5,Pardosa lugubris,8/7/2020,14.8,4.7,,,,,,TAK,POCZWARKA,2459,2001,3403,2802,MIC
MIC_6,Pardosa lugubris,8/7/2020,16.1,7.6,,,19,,19,NIE,,2682,2369,3393,3265,MIC
MIC_7,Pardosa lugubris,8/7/2020,20.8,14.8,,,32,,32,NIE,,2868,2278,4119,3806,MIC
MIC_8,Pardosa lugubris,8/7/2020,17.2,6.8,16,,,,16,NIE,,2691,2363,3191,3139,MIC
MIC_9,Pardosa lugubris,8/7/2020,11.8,7.9,,,17,,17,NIE,,2484,1878,3268,3149,MIC
MIC_10,Pardosa lugubris,8/7/2020,13.5,5.5,,,16,,16,NIE,,2331,1818,3041,2923,MIC
MIC_11,Pardosa lugubris,8/7/2020,13.5,6,17,,,,17,NIE,,2487,1746,3016,2853,MIC
MIC_1,Pardosa lugubris,8/12/2020,13.9,6.9,10,,,,10,NIE,,2560,2208,2972,2834,MIC
MIC_3,Pardosa lugubris,8/12/2020,20.8,15.4,,,31,,31,NIE,,3108,2349,3732,3622,MIC
MIC_4,Pardosa lugubris,8/12/2020,10,12.2,,,,25,25,NIE,,2694,2255,3971,3886,MIC
MIC_5,Pardosa lugubris,8/12/2020,14.4,6.9,16,,,,16,NIE,,2493,1932,2968,2650,MIC
MIC_6,Pardosa lugubris,8/12/2020,9.2,5.3,,,12,,12,NIE,,2358,1986,2936,2781,MIC
MIC_8,Pardosa lugubris,8/12/2020,12.5,10.9,,,23,,23,NIE,,2520,2003,3641,3589,MIC
MIC_9,Pardosa lugubris,8/12/2020,13.3,6.6,,17,,,17,NIE,,2509,1984,3134,3016,MIC
MIC_10,Pardosa lugubris,8/12/2020,20.1,16.5,,,,34,34,NIE,,2822,2331,4039,3974,MIC
MIC_11,Pardosa lugubris,8/12/2020,11.7,10.4,,,21,,21,NIE,,2280,1862,3602,3533,MIC
MIC_12,Pardosa lugubris,8/12/2020,14.3,13.3,,,30,,30,NIE,,2434,2036,3900,3594,MIC
MIC_13,Pardosa lugubris,8/12/2020,16.7,13.1,,,,25,25,NIE,,2631,2114,3876,3590,MIC
MIC_14,Pardosa lugubris,8/12/2020,13.6,5.2,12,,,,12,NIE,,2629,2030,2751,2466,MIC
MIC_15,Pardosa lugubris,8/12/2020,12.6,5.2,,10,,,10,NIE,,2465,1891,,,MIC
MIC_1,Pardosa lugubris,8/14/2020,12.2,9.4,11,,,,11,NIE,,2376,1924,2789,2571,MIC
MIC_2,Pardosa lugubris,8/14/2020,16.2,3.9,5,,,,5,NIE,,2780,2225,2482,2465,MIC
MIC_4,Pardosa lugubris,8/14/2020,21.9,16.9,,,,34,34,NIE,,2871,2317,4147,4088,MIC
MIC_2,Pardosa lugubris,8/18/2020,15.7,8.4,12,,,,12,NIE,,2684,2159,,,MIC
MIC_3,Pardosa lugubris,8/18/2020,12.6,5.3,,,11,,11,NIE,,2328,1998,3263,2884,MIC
MIC_2,Pardosa lugubris,8/21/2020,9.9,4.3,,,10,,10,NIE,,2461,1980,,,MIC
MIC_5,Pardosa lugubris,8/21/2020,15.4,13.6,,,,23,23,NIE,,2621,2138,,,MIC
MIC_6,Pardosa lugubris,8/21/2020,14.6,6.1,11,,,,11,NIE,,2646,2129,3195,2686,MIC
MIC_7,Pardosa lugubris,8/21/2020,12.2,6.6,14,,,,14,NIE,,,,2741,2631,MIC
MIC_9,Pardosa lugubris,8/21/2020,12.2,5.2,8,,,,8,NIE,,2451,1965,2675,2342,MIC
MIC_10,Pardosa lugubris,8/21/2020,12.9,7.6,,12,,,12,NIE,,2662,2012,3161,2811,MIC
MIC_11,Pardosa lugubris,8/21/2020,13,5.1,9,,,,9,NIE,,2431,1929,2762,2529,MIC
MIC_12,Pardosa lugubris,8/21/2020,16.9,7.7,,,20,,20,NIE,,2681,2213,3532,3490,MIC
MIC_13,Pardosa lugubris,8/21/2020,11.1,4,,,,,,TAK,POCZWARKA,2509,2105,3328,2766,MIC
MIC_14,Pardosa lugubris,8/21/2020,12.3,7.4,,,17,,17,NIE,,2522,1990,3268,3248,MIC
MIC_15,Pardosa lugubris,8/21/2020,11.3,4.8,10,,,,10,NIE,,2460,1875,2654,2406,MIC
MIC_16,Pardosa lugubris,8/21/2020,14.1,7.9,,,15,,15,NIE,,2538,1999,3321,3283,MIC
MIC_1,Pardosa lugubris,8/26/2020,15.3,11.7,,,16,,16,NIE,,2321,1999,3315,3248,MIC
MIC_2,Pardosa lugubris,8/26/2020,18,7.8,,,18,,18,NIE,,2750,2232,3524,3369,MIC
MIC_3,Pardosa lugubris,8/26/2020,15.6,6.8,,,14,,14,NIE,,2452,2005,3145,2924,MIC
MIC_4,Pardosa lugubris,8/26/2020,19.8,4.2,12,,,,12,NIE,,2940,2377,,,MIC
MIC_5,Pardosa lugubris,8/26/2020,10.8,3.5,8,,,,8,NIE,,2549,1914,2395,2061,MIC
MIC_6,Pardosa lugubris,8/26/2020,14.8,4.3,8,,,,8,NIE,,2432,2007,2592,2381,MIC
MIC_1,Pardosa lugubris,8/27/2020,16.4,7.6,,17,,,17,NIE,,2421,1934,3456,3285,MIC
MIC_2,Pardosa lugubris,8/27/2020,21.8,2.8,?,,,,,NIE,,2681,2163,2584,2368,MIC
MIC_3,Pardosa lugubris,8/27/2020,26.8,6.8,12,,,,12,NIE,,2866,2380,3268,3049,MIC
MIC_4,Pardosa lugubris,8/27/2020,19.5,5.5,10,,,,10,NIE,,2591,2092,2695,2501,MIC
MIC_5,Pardosa lugubris,8/27/2020,25.7,9,18,,,,18,NIE,,2952,2404,3634,3522,MIC
MIC_7,Pardosa lugubris,8/27/2020,18,6.5,,15,,,15,NIE,,2637,2042,3168,3036,MIC
MIC_8,Pardosa lugubris,8/27/2020,15.8,6.6,,13,,,13,NIE,,2513,1940,3355,3123,MIC
MIC_9,Pardosa lugubris,8/27/2020,5.4,6.8,15,,,,15,NIE,,,,3181,3081,MIC
MIC_10,Pardosa lugubris,8/27/2020,16.1,5.5,,,9,,9,NIE,,2459,1986,2965,2815,MIC
MIC_12,Pardosa lugubris,8/27/2020,17.9,2.2,?,,,,0,NIE,,2494,2036,,,MIC
MIC_1,Pardosa lugubris,9/3/2020,17.2,8.9,11,,,,11,NIE,,2728,2221,2698,2401,MIC
MIC_2,Pardosa lugubris,9/3/2020,17.5,7,,,11,,11,NIE,,2606,2046,3326,3108,MIC
MIC_1,Pardosa lugubris,7/10/2023,16.6,16.4,,,38,,38,NIE,,2519,2127,4181,3939,MIC
MIC_2,Pardosa lugubris,7/10/2023,12.9,5.8,13,,,,13,NIE,,2417,2129,3031,2647,MIC
MIC_3,Pardosa lugubris,7/10/2023,12.9,9.5,24,,,,24,NIE,,2255,1960,3493,3273,MIC
MIC_4,Pardosa lugubris,7/10/2023,21.6,12.1,29,,,,29,NIE,,2734,2273,3587,3142,MIC
MIC_5,Pardosa lugubris,7/10/2023,23.1,11.7,28,,,,28,NIE,,2745,2262,3617,3549,MIC
MIC_6,Pardosa lugubris,7/10/2023,12.5,12.2,,,26,,26,NIE,,2339,1941,3759,3825,MIC
MIC_7,Pardosa lugubris,7/10/2023,21.2,11.2,,,,,,TAK,LARWA,2777,2204,3736,2504,MIC
MIC_8,Pardosa lugubris,7/10/2023,13.4,9.2,,,,,,TAK,POCZWARKA,2423,1905,4922,3198,MIC
MIC_9,Pardosa lugubris,7/10/2023,15.6,12.8,,,32,,32,NIE,,2491,2082,3891,3808,MIC
MIC_10,Pardosa lugubris,7/10/2023,11.5,10.8,,,23,,23,NIE,,2318,1872,3594,3488,MIC
MIC_11,Pardosa lugubris,7/10/2023,18.2,9.9,21,,,,21,NIE,,2701,2183,3465,3093,MIC
MIC_12,Pardosa lugubris,7/10/2023,10.8,9.7,,,20,,20,NIE,,2341,1884,3456,3378,MIC
MIC_13,Pardosa lugubris,7/10/2023,20.3,13.8,33,,,,33,NIE,,2742,2276,3949,3534,MIC
MIC_14,Pardosa lugubris,7/10/2023,16.6,5.4,,,,,,TAK,POCZWARKA,2408,2012,4050,2680,MIC
MIC_15,Pardosa lugubris,7/10/2023,15.4,10.6,,,,,,TAK,POCZWARKA,2498,2023,4869,3535,MIC
MIC_16,Pardosa lugubris,7/10/2023,,,,,,?,,NIE,,,,,,MIC
MIC_17,Pardosa lugubris,7/19/2023,15.2,9.0,18,,,,18,NIE,,2367,2011,3127,2961,MIC
MIC_18,Pardosa lugubris,7/19/2023,16.2,11.2,27,,,,27,NIE,,2577,2040,3438,3059,MIC
MIC_19,Pardosa lugubris,7/19/2023,15.8,10.5,22,,,,22,NIE,,2424,2024,3400,3105,MIC
MIC_20,Pardosa lugubris,7/19/2023,15.6,8.1,19,,,,19,NIE,,2554,2005,3285,2945,MIC
MIC_21,Pardosa lugubris,7/19/2023,13.9,7.0,16,,,,16,TAK,LARWA,2705,2029,3335,2878,MIC
MIC_22,Pardosa lugubris,7/19/2023,19.4,11.8,,,29,,29,NIE,,2679,2192,3987,3570,MIC
MIC_23,Pardosa lugubris,7/19/2023,18.3,9.2,,,26,,26,NIE,,2832,2219,3831,3720,MIC
MIC_24,Pardosa lugubris,7/19/2023,14.2,8.2,18,,,,18,NIE,,2539,2030,3213,2959,MIC
MIC_25,Pardosa lugubris,7/19/2023,14.7,10.1,22,,,,22,NIE,,2482,1957,3410,3278,MIC
MIC_26,Pardosa lugubris,7/19/2023,13.9,6.6,,,,,,TAK,POCZWARKA,2548,1950,4599,2731,MIC
MIC_27,Pardosa lugubris,7/19/2023,19.7,9.2,,,24,,24,NIE,,2909,2251,3787,3561,MIC
MIC_28,Pardosa lugubris,7/19/2023,18.0,9.8,21,,,,21,NIE,,2744,2121,3260,3016,MIC
MIC_29,Pardosa lugubris,7/19/2023,12.6,7.5,,,23,,23,NIE,,2430,1913,3500,3126,MIC
MIC_30,Pardosa lugubris,7/19/2023,14.8,9.3,22,,,,22,NIE,,2547,2040,3467,3201,MIC
MIC_31,Pardosa lugubris,7/19/2023,12.4,7.9,16,,,,16,NIE,,2418,1858,3191,2683,MIC
MIC_32,Pardosa lugubris,7/19/2023,19.2,7.4,15,,,,15,NIE,,2918,2217,3418,2646,MIC
MIC_33,Pardosa lugubris,7/19/2023,15.7,10.5,,,28,,28,NIE,,2491,2095,3710,3717,MIC
MIC_34,Pardosa lugubris,7/19/2023,16.7,11.7,25,,,,25,NIE,,2595,2094,3525,3402,MIC
MIC_35,Pardosa lugubris,7/19/2023,16.0,9.6,21,,,,21,NIE,,2514,2063,3146,3040,MIC
MIC_36,Pardosa lugubris,7/19/2023,11.5,8.8,,,25,,25,TAK,LARWA,2418,1886,3436,3372,MIC
MIC_37,Pardosa lugubris,7/19/2023,19.4,10.3,20,,,,20,NIE,,2764,2130,3364,3175,MIC
MIC_38,Pardosa lugubris,7/19/2023,16.1,8.1,19,,,,19,NIE,,2612,2085,3532,3002,MIC
MIC_39,Pardosa lugubris,7/19/2023,18.8,11.5,,,23,,23,TAK,LARWA,2687,2215,3855,3796,MIC
MIC_40,Pardosa lugubris,7/19/2023,21.2,12.6,28,,,,28,NIE,,2785,2233,3729,3523,MIC
MIC_41,Pardosa lugubris,7/19/2023,13.9,9.3,12,,,,12,NIE,,2545,1975,3316,3065,MIC
MIC_42,Pardosa lugubris,7/26/2023,12.3,6.9,14,,,,14,NIE,,2288,1897,3102,2827,MIC
MIC_43,Pardosa lugubris,7/26/2023,18.5,5.7,,,16,,16,NIE,,2450,2062,3291,2909,MIC
MIC_44,Pardosa lugubris,7/26/2023,15.7,9.9,21,,,,21,NIE,,2438,2046,3537,3516,MIC
MIC_45,Pardosa lugubris,7/26/2023,13.0,8.8,,,22,,22,NIE,,2439,1940,3664,3487,MIC
MIC_46,Pardosa lugubris,7/26/2023,12.2,6.0,12,,,,12,NIE,,2420,1868,2868,2623,MIC
MIC_47,Pardosa lugubris,7/26/2023,12.7,8.1,18,,,,18,NIE,,2471,1891,3061,2765,MIC
MIC_48,Pardosa lugubris,7/26/2023,15.4,6.5,16,,,,16,NIE,,2498,2017,2969,2672,MIC
MIC_49,Pardosa lugubris,7/26/2023,17.9,7.9,,,,,,TAK,IMAGO,2685,2188,4861,3672,MIC
MIC_50,Pardosa lugubris,7/26/2023,15.7,10.6,,,24,,24,NIE,,2577,2001,3555,3440,MIC
MIC_51,Pardosa lugubris,7/26/2023,14.2,8.2,,,18,,18,NIE,,2384,1877,3496,3233,MIC
MIC_52,Pardosa lugubris,7/26/2023,16.5,7.7,,,18,,18,NIE,,2670,2141,3629,3298,MIC
MIC_53,Pardosa lugubris,7/26/2023,24.5,10.5,22,,,,22,NIE,,2995,2351,3329,3126,MIC
MIC_54,Pardosa lugubris,8/2/2023,11.5,8.5,20,,,,20,TAK,LARWA,2238,1945,,,MIC
MIC_55,Pardosa lugubris,8/2/2023,10.0,5.0,,,13,,13,NIE,,2258,1882,,,MIC
MIC_56,Pardosa lugubris,8/2/2023,11.7,3.8,11,,,,11,NIE,,2228,1857,,,MIC
KAM_1,Pardosa lugubris,5/23/2018,19.3,19.2,52,,,,52,NIE,,2750,2104,4191,3748,KAM
KAM_2,Pardosa lugubris,5/23/2018,17.2,17.5,39,,,,39,NIE,,2656,2083,3648,3534,KAM
KAM_3,Pardosa lugubris,5/23/2018,21.1,13.3,39,,,,39,NIE,,2937,2234,4010,3621,KAM
KAM_8,Pardosa lugubris,5/23/2018,17.7,15.4,40,,,,40,NIE,,2788,2219,4058,3968,KAM
KAM_9,Pardosa lugubris,5/23/2018,19.7,12,25,,,,25,NIE,,2707,2120,3692,3368,KAM
KAM_10,Pardosa lugubris,5/23/2018,23.7,20.5,2,52,,,54,NIE,,2927,2349,4616,4689,KAM
KAM_11,Pardosa lugubris,5/23/2018,19,18,46,,,,46,NIE,,2827,2132,4140,3992,KAM
KAM_12,Pardosa lugubris,5/23/2018,19.6,17,38,,,,38,NIE,,2809,2163,3764,3723,KAM
KAM_13,Pardosa lugubris,5/23/2018,16.9,15.9,46,,,,46,NIE,,2777,2059,4143,3461,KAM
KAM_14,Pardosa lugubris,5/23/2018,19.2,13.5,30,,,,30,NIE,,2780,2134,3664,3464,KAM
KAM_15,Pardosa lugubris,5/23/2018,22.7,20.9,52,,,,52,NIE,,3046,2320,4330,3864,KAM
KAM_16,Pardosa lugubris,5/23/2018,21.1,17.7,43,,,,43,NIE,,2849,2222,4055,3798,KAM
KAM_18,Pardosa lugubris,5/23/2018,30.2,29.1,60,,,,60,NIE,,3328,2594,4688,4631,KAM
KAM_19,Pardosa lugubris,5/23/2018,17,13.5,,37,,,37,NIE,,2713,2037,3510,3576,KAM
KAM_20,Pardosa lugubris,5/23/2018,25.3,18.5,45,,,,45,NIE,,3173,2458,3942,3864,KAM
KAM_21,Pardosa lugubris,5/23/2018,20.8,11,?,,,,,NIE,,2872,2186,,,KAM
KAM_ 23,Pardosa lugubris,5/23/2018,18.5,16.9,,44,,,44,NIE,,2815,2196,4078,4060,KAM
KAM_1,Pardosa lugubris,5/30/2018,16.1,16.9,,41,,,41,NIE,,2615,2085,4139,4069,KAM
KAM_2,Pardosa lugubris,5/30/2018,16.4,14.6,,40,,,40,NIE,,2634,2056,4436,3908,KAM
KAM_3,Pardosa lugubris,5/30/2018,16.2,13,35,,,,35,NIE,,2584,2046,3835,3629,KAM
KAM_4,Pardosa lugubris,5/30/2018,20.5,17.9,,53,,,53,NIE,,2781,2183,4450,4286,KAM
KAM_5,Pardosa lugubris,5/30/2018,14.6,14.6,29,,,,29,NIE,,2595,2066,3724,3464,KAM
KAM_6,Pardosa lugubris,5/30/2018,21.3,19.5,,48,,,48,NIE,,2921,2252,4493,4513,KAM
KAM_7,Pardosa lugubris,5/30/2018,22.9,22.7,,60,,,60,NIE,,2946,2349,5011,4779,KAM
KAM_8,Pardosa lugubris,5/30/2018,17.2,19.3,38,,,,38,NIE,,2721,2173,3980,4017,KAM
KAM_9,Pardosa lugubris,5/30/2018,21.9,14.9,4,30,,,34,NIE,,2862,2295,4315,4183,KAM
KAM_10,Pardosa lugubris,5/30/2018,18.7,14.1,,36,,,36,NIE,,2741,2232,4403,4011,KAM
KAM_11,Pardosa lugubris,5/30/2018,17,13.6,4,34,,,38,NIE,,2797,2127,4415,4191,KAM
KAM_12,Pardosa lugubris,5/30/2018,23.4,22.7,51,,,,51,NIE,,2938,2300,4254,3970,KAM
KAM_13,Pardosa lugubris,5/30/2018,13.5,4.5,,?,,,,NIE,,2512,1895,3897,4330,KAM
KAM_14,Pardosa lugubris,5/30/2018,16.7,14.3,,42,,,42,NIE,,2636,2056,4281,3956,KAM
KAM_15,Pardosa lugubris,5/30/2018,17.7,16.6,34,,,,34,NIE,,2678,2061,3833,3834,KAM
KAM_16,Pardosa lugubris,5/30/2018,17.4,13,,35,,,35,NIE,,2636,2059,4258,3892,KAM
KAM_17,Pardosa lugubris,5/30/2018,24.4,25,2,56,,,58,NIE,,2985,2437,4702,4785,KAM
KAM_18,Pardosa lugubris,5/30/2018,20.1,17.9,42,,,,42,NIE,,2869,2241,3830,3917,KAM
KAM_19,Pardosa lugubris,5/30/2018,13.5,13.8,23,,,,23,NIE,,2411,1928,3531,3460,KAM
KAM_20,Pardosa lugubris,5/30/2018,21.9,22.1,47,,,,47,NIE,,2918,2349,4545,4433,KAM
KAM_1,Pardosa lugubris,6/5/2018,12,7.3,,21,,,21,NIE,,2341,1851,3292,3282,KAM
KAM_2,Pardosa lugubris,6/5/2018,19.1,15.1,,41,,,41,NIE,,2758,2194,4487,4196,KAM
KAM_3,Pardosa lugubris,6/5/2018,17.2,16.9,,40,,,40,NIE,,2712,2173,4205,3913,KAM
KAM_4,Pardosa lugubris,6/5/2018,14.8,13.5,,38,,,38,NIE,,2659,2019,4092,3937,KAM
KAM_5,Pardosa lugubris,6/5/2018,15.4,12.3,23,,,,23,NIE,,2645,2053,3510,3230,KAM
KAM_6,Pardosa lugubris,6/5/2018,18.8,15.9,37,,,,37,NIE,,2853,2215,3987,3698,KAM
KAM_7,Pardosa lugubris,6/5/2018,15.8,12.2,,27,,,27,NIE,,2674,2104,3974,3699,KAM
KAM_9,Pardosa lugubris,6/5/2018,19.8,17.7,,51,,,51,NIE,,2900,22136,4312,4120,KAM
KAM_10,Pardosa lugubris,6/5/2018,18,12.5,26,,,,26,NIE,,2721,2202,3625,3232,KAM
KAM_11,Pardosa lugubris,6/5/2018,14.3,15.7,,38,,,38,NIE,,2584,2016,3964,3850,KAM
KAM_12,Pardosa lugubris,6/5/2018,19.8,13.6,33,,,,33,NIE,,2864,2185,4327,3924,KAM
KAM_13,Pardosa lugubris,6/5/2018,17,12.6,1,33,,,34,NIE,,2683,2065,3705,3516,KAM
KAM_14,Pardosa lugubris,6/5/2018,18.8,16.7,40,,,,40,NIE,,2775,2215,3945,3941,KAM
KAM_15,Pardosa lugubris,6/5/2018,23.1,18.5,,40,,,40,NIE,,2912,2261,4549,4201,KAM
KAM_17,Pardosa lugubris,6/5/2018,17.4,11.3,,26,,,26,NIE,,2728,2080,3931,3764,KAM
KAM_18,Pardosa lugubris,6/5/2018,11.3,13.3,,30,,,30,NIE,,2525,1918,4099,3770,KAM
KAM_19,Pardosa lugubris,6/5/2018,18.3,18.5,,43,,,43,NIE,,2773,2105,4356,4285,KAM
KAM_20,Pardosa lugubris,6/5/2018,19,19.5,,43,,,43,NIE,,2830,2251,4333,4231,KAM
KAM_21,Pardosa lugubris,6/5/2018,18.7,16.7,39,,,,39,NIE,,2812,2135,4021,3744,KAM
KAM_22,Pardosa lugubris,6/5/2018,16.9,13.5,,23,,,23,NIE,,2674,2085,3786,3664,KAM
KAM_1,Pardosa lugubris,6/21/2018,16.2,10.4,15,,,,15,NIE,,2568,2036,3937,3398,KAM
KAM_2,Pardosa lugubris,6/21/2018,19.3,15.1,19,,,,19,NIE,,2884,2232,4044,3317,KAM
KAM_3,Pardosa lugubris,6/21/2018,19,13.1,,35,,,35,NIE,,2697,2046,3872,3749,KAM
KAM_4,Pardosa lugubris,6/21/2018,21.6,8.8,15,,,,15,NIE,,2914,2145,3405,3235,KAM
KAM_5,Pardosa lugubris,6/21/2018,25.5,16.6,,22,,,22,NIE,,2938,2340,,,KAM
KAM_7,Pardosa lugubris,6/21/2018,18.7,9.9,20,,,,20,NIE,,2575,1997,3539,3360,KAM
KAM_8,Pardosa lugubris,6/21/2018,11.8,8.1,,19,,,19,NIE,,2398,1801,3410,3534,KAM
KAM_9,Pardosa lugubris,6/21/2018,17.2,17.7,,,35,,35,NIE,,2666,2090,4495,4541,KAM
KAM_10,Pardosa lugubris,6/21/2018,14.8,14.1,26,,,,26,NIE,,2682,1997,3797,3595,KAM
KAM_11,Pardosa lugubris,6/21/2018,22.7,9.6,20,,,,20,NIE,,2790,2182,3824,3406,KAM
KAM_12,Pardosa lugubris,6/21/2018,21.6,10.5,12,,,,12,NIE,,2741,2192,3392,3095,KAM
KAM_13,Pardosa lugubris,6/21/2018,13.5,10,22,,,,22,NIE,,2570,1989,3448,3233,KAM
KAM_14,Pardosa lugubris,6/21/2018,13.3,13.6,,,27,,27,NIE,,2399,1923,4382,4095,KAM
KAM_15,Pardosa lugubris,6/21/2018,18.3,9.7,,29,,,29,NIE,,2623,2144,3782,3809,KAM
KAM_2,Pardosa lugubris,7/4/2018,14.6,9.2,1,25,,,26,NIE,,2537,2086,3435,3304,KAM
KAM_3,Pardosa lugubris,7/4/2018,20.9,9.6,2,24,,,26,NIE,,2995,2192,3888,3419,KAM
KAM_5,Pardosa lugubris,7/4/2018,16.7,6.6,2,15,,,17,NIE,,2555,2094,3359,3355,KAM
KAM_6,Pardosa lugubris,7/4/2018,16.4,11.8,,26,,,26,NIE,,2703,2085,3818,3391,KAM
KAM_7,Pardosa lugubris,7/4/2018,17.9,5.2,,10,,,10,NIE,,2957,2317,,,KAM
KAM_8,Pardosa lugubris,7/4/2018,16.4,10.4,21,,,,21,NIE,,2636,1999,3639,3671,KAM
KAM_9,Pardosa lugubris,7/4/2018,22.1,15.1,,2,25,,27,NIE,,2908,2329,3994,3821,KAM
KAM_10,Pardosa lugubris,7/4/2018,18.8,9.7,,18,,,18,NIE,,2839,2145,3599,3346,KAM
KAM_11,Pardosa lugubris,7/4/2018,19.6,10.9,,25,,,25,NIE,,2908,2232,4080,3744,KAM
KAM_12,Pardosa lugubris,7/4/2018,15.7,9.1,19,,,,19,NIE,,2592,1991,3561,3435,KAM
KAM_14,Pardosa lugubris,7/4/2018,14.8,9.2,24,,,,24,NIE,,2592,2059,3467,3148,KAM
KAM_15,Pardosa lugubris,7/4/2018,21.6,12.5,,,28,,28,NIE,,2783,2146,3866,3751,KAM
KAM_16,Pardosa lugubris,7/4/2018,15.5,11.3,24,,,,24,NIE,,2591,1959,3590,3135,KAM
KAM_2,Pardosa lugubris,7/13/2018,20.9,6.6,12,,,,12,NIE,,,,3316,2925,KAM
KAM_3,Pardosa lugubris,7/13/2018,13.6,8.3,,,20,,20,NIE,,2572,1940,3393,3127,KAM
KAM_4,Pardosa lugubris,7/13/2018,22.6,8.4,17,,,,17,NIE,,2909,2184,3221,2605,KAM
KAM_7,Pardosa lugubris,7/13/2018,20.1,13.5,,29,,,29,NIE,,2891,2186,4007,3779,KAM
KAM_8,Pardosa lugubris,7/13/2018,19.2,11.5,,20,,,20,NIE,,2784,2194,3775,3684,KAM
KAM_9,Pardosa lugubris,7/13/2018,17.5,12.5,,27,,,27,NIE,,2752,2173,3854,3565,KAM
KAM_10,Pardosa lugubris,7/13/2018,15.4,10.7,2,25,,,27,NIE,,2699,2134,3743,3415,KAM
KAM_11,Pardosa lugubris,7/13/2018,23.1,8.6,,?,,,,NIE,,2820,2243,4028,3769,KAM
KAM_12,Pardosa lugubris,7/13/2018,20.5,12.6,,25,,,25,NIE,,2762,2144,3942,3825,KAM
KAM_13,Pardosa lugubris,7/13/2018,15.9,7.3,1,,14,,15,NIE,,2468,1860,3380,3207,KAM
KAM_14,Pardosa lugubris,7/13/2018,20.1,12.3,30,,,,30,NIE,,2778,2101,3703,3500,KAM
KAM_15,Pardosa lugubris,7/13/2018,19.8,12.3,,24,,,24,NIE,,2744,2244,3897,3408,KAM
KAM_16,Pardosa lugubris,7/13/2018,16.2,8.4,2,15,,,17,NIE,,2711,2012,3481,3236,KAM
KAM_17,Pardosa lugubris,7/13/2018,16.4,7.8,,?,,,,NIE,,2458,1978,3663,2825,KAM
KAM_18,Pardosa lugubris,7/13/2018,16.1,8.1,,18,,,18,NIE,,2457,2026,3325,3113,KAM
KAM_19,Pardosa lugubris,7/13/2018,22.4,14.1,30,,,,30,NIE,,2839,2261,3843,3432,KAM
KAM_20,Pardosa lugubris,7/13/2018,18.8,8.9,,23,,,23,NIE,,2777,2123,3632,3054,KAM
KAM_1,Pardosa lugubris,7/26/2018,17.2,6.8,,18,,,18,NIE,,2682,2143,3318,3300,KAM
KAM_2,Pardosa lugubris,7/26/2018,17.9,11.7,,26,,,26,NIE,,2780,2241,3979,3895,KAM
KAM_3,Pardosa lugubris,7/26/2018,18.8,6.5,16,,,,16,NIE,,2789,2231,3087,2673,KAM
KAM_4,Pardosa lugubris,7/26/2018,12.6,4.2,6,,,,6,NIE,,2518,1951,2479,2418,KAM
KAM_5,Pardosa lugubris,7/26/2018,15.6,8.9,22,,,,22,NIE,,2668,2118,3120,3079,KAM
KAM_6,Pardosa lugubris,7/26/2018,13.3,5,10,,,,10,NIE,,2574,1918,2775,2166,KAM
KAM_1,Pardosa lugubris,5/23/2019,19.6,18,42,,,,42,NIE,,2873,2207,4526,3683,KAM
KAM_2,Pardosa lugubris,5/23/2019,21.6,13.1,27,,,,27,NIE,,2552,1939,3670,3254,KAM
KAM_3,Pardosa lugubris,5/23/2019,16.9,17.4,20,,,,20,NIE,,2643,2041,3834,3218,KAM
KAM_4,Pardosa lugubris,5/23/2019,18.8,16.7,32,,,,32,NIE,,2697,2119,4035,3626,KAM
KAM_5,Pardosa lugubris,5/23/2019,13.7,7.1,14,,,,14,NIE,,2437,1869,3150,2974,KAM
KAM_6,Pardosa lugubris,5/23/2019,9.9,11.5,?,,,,,NIE,,2540,1897,,,KAM
KAM_7,Pardosa lugubris,5/23/2019,18.7,17.4,34,,,,34,NIE,,2742,2128,4043,3874,KAM
KAM_8,Pardosa lugubris,5/23/2019,18.3,18.8,32,,,,32,NIE,,2584,2075,4020,4014,KAM
KAM_9,Pardosa lugubris,5/23/2019,17.5,14.6,13,,,,13,NIE,,2496,1940,3880,3861,KAM
KAM_10,Pardosa lugubris,5/23/2019,17.4,18.3,43,,,,43,NIE,,2746,2113,3955,3699,KAM
KAM_11,Pardosa lugubris,5/23/2019,18.8,16.9,41,,,,41,NIE,,2784,2123,3769,3680,KAM
KAM_12,Pardosa lugubris,5/23/2019,13.5,13.8,33,,,,33,NIE,,2427,1916,3653,3204,KAM
KAM_13,Pardosa lugubris,5/23/2019,14.9,15.1,37,,,,37,NIE,,2590,2007,3625,3595,KAM
KAM_14,Pardosa lugubris,5/23/2019,16.1,15.1,29,,,,29,NIE,,2603,2015,3722,3611,KAM
KAM_15,Pardosa lugubris,5/23/2019,19.2,17.9,29,,,,29,NIE,,2626,2076,3930,3863,KAM
KAM_16,Pardosa lugubris,5/23/2019,23.2,23.4,46,,,,46,NIE,,3004,2225,4436,4033,KAM
KAM_17,Pardosa lugubris,5/23/2019,20.4,16,30,,,,30,NIE,,2826,2149,3734,3571,KAM
KAM_18,Pardosa lugubris,5/23/2019,16.7,11,13,,,,13,NIE,,2610,1984,3224,3171,KAM
KAM_20,Pardosa lugubris,5/23/2019,18.5,19.6,43,,,,43,NIE,,2690,2086,4150,3800,KAM
KAM_21,Pardosa lugubris,5/23/2019,19.5,12.3,27,,,,27,NIE,,2626,2007,3940,3350,KAM
KAM_22,Pardosa lugubris,5/23/2019,17.4,9.2,19,,,,19,NIE,,2531,1917,3204,3146,KAM
KAM_23,Pardosa lugubris,5/23/2019,29.7,25,54,,,,54,NIE,,3141,2409,4568,4452,KAM
KAM_1,Pardosa lugubris,6/6/2019,19.8,15.4,,,49,,49,NIE,,2670,2225,4530,3917,KAM
KAM_2,Pardosa lugubris,6/6/2019,12.6,10.5,,24,,,24,NIE,,2402,1877,3852,3611,KAM
KAM_3,Pardosa lugubris,6/6/2019,15.1,12.5,,36,,,36,NIE,,2371,2043,4033,3868,KAM
KAM_4,Pardosa lugubris,6/6/2019,14.6,9.7,,,25,,25,NIE,,2461,1934,3642,3327,KAM
KAM_5,Pardosa lugubris,6/6/2019,15.9,8.7,19,,,,19,NIE,,2765,2159,3158,2835,KAM
KAM_6,Pardosa lugubris,6/6/2019,18.3,16.7,,,38,,38,NIE,,2789,2145,4156,4062,KAM
KAM_7,Pardosa lugubris,6/6/2019,17.4,11.5,,,28,,28,NIE,,2640,2064,3842,3528,KAM
KAM_8,Pardosa lugubris,6/6/2019,19,16.1,11,24,,,35,NIE,,2771,2068,4656,4282,KAM
KAM_9,Pardosa lugubris,6/6/2019,20.3,16.4,,,39,,39,NIE,,2831,2176,4333,3976,KAM
KAM_10,Pardosa lugubris,6/6/2019,24.7,22.2,,,53,,53,NIE,,2853,2408,4545,4314,KAM
KAM_11,Pardosa lugubris,6/6/2019,17.2,12.6,,34,,,34,NIE,,2744,2097,4215,3950,KAM
KAM_12,Pardosa lugubris,6/6/2019,19.2,16.4,,,39,,39,NIE,,2821,2068,4352,4143,KAM
KAM_13,Pardosa lugubris,6/6/2019,14.8,10.8,,1,26,,27,NIE,,2213,1935,3896,3706,KAM
KAM_14,Pardosa lugubris,6/6/2019,16.5,14.9,34,,,,34,NIE,,2505,2029,3674,3575,KAM
KAM_15,Pardosa lugubris,6/6/2019,13.9,12,26,,,,26,NIE,,2369,1899,3903,3517,KAM
KAM_16,Pardosa lugubris,6/6/2019,23.1,14.8,,,,,,TAK,POCZWARKA,2997,2394,5830,3455,KAM
KAM_17,Pardosa lugubris,6/6/2019,16.2,12.6,2,28,,,30,NIE,,2655,2064,4144,3717,KAM
KAM_18,Pardosa lugubris,6/6/2019,15.9,14.1,7,29,,,36,NIE,,2547,2000,4204,3827,KAM
KAM_19,Pardosa lugubris,6/6/2019,23.9,17.7,,45,,,45,NIE,,2975,2270,4428,4333,KAM
KAM_20,Pardosa lugubris,6/6/2019,18.4,12.5,,,29,,29,NIE,,2735,2040,3929,3791,KAM
KAM_21,Pardosa lugubris,6/6/2019,15.4,6.8,,,17,,17,NIE,,2557,1931,3905,3095,KAM
KAM_1,Pardosa lugubris,6/19/2019,22.4,15.2,27,,,,27,NIE,,2688,2090,3709,3374,KAM
KAM_2,Pardosa lugubris,6/19/2019,22.1,21.8,,,47,,47,NIE,,2846,2220,4571,4370,KAM
KAM_3,Pardosa lugubris,6/19/2019,16.1,13.5,,,30,,30,NIE,,2769,2069,3985,3933,KAM
KAM_4,Pardosa lugubris,6/19/2019,17.5,18.2,,,,40,40,NIE,,2531,2026,4311,3990,KAM
KAM_5,Pardosa lugubris,6/19/2019,25.2,21.6,,,38,,38,NIE,,3019,2306,4700,4355,KAM
KAM_7,Pardosa lugubris,6/19/2019,20.5,21.1,,,43,,43,NIE,,2836,2179,4496,4273,KAM
KAM_8,Pardosa lugubris,6/19/2019,16.9,17,,,33,,33,NIE,,2707,2107,4097,3816,KAM
KAM_9,Pardosa lugubris,6/19/2019,18.2,14.9,30,,,,30,NIE,,2874,2216,4016,3905,KAM
KAM_10,Pardosa lugubris,6/19/2019,16.2,14.4,,,40,,40,NIE,,2753,1855,4447,4016,KAM
KAM_11,Pardosa lugubris,6/19/2019,18.8,18.3,,,,45,45,NIE,,2773,2094,4359,4143,KAM
KAM_12,Pardosa lugubris,6/19/2019,15.3,8.7,,,26,,26,NIE,,2698,2001,3825,3557,KAM
KAM_13,Pardosa lugubris,6/19/2019,16.2,15.9,,,35,,35,NIE,,2646,1982,4387,3772,KAM
KAM_14,Pardosa lugubris,6/19/2019,19.3,11.8,,,30,,30,NIE,,2887,2164,3963,3936,KAM
KAM_15,Pardosa lugubris,6/19/2019,21.4,14.2,,,?,,,NIE,,2898,2236,3658,3245,KAM
KAM_16,Pardosa lugubris,6/19/2019,16.8,8.1,?,,,,,NIE,,2637,2083,3611,2922,KAM
KAM_17,Pardosa lugubris,6/19/2019,18.7,10.2,,,25,,25,NIE,,2575,1940,4040,3509,KAM
KAM_18,Pardosa lugubris,6/19/2019,13.1,14.6,,,,35,35,NIE,,2650,2001,4393,3655,KAM
KAM_19,Pardosa lugubris,6/19/2019,20.5,15.1,,,40,,40,NIE,,2830,2236,4496,3753,KAM
KAM_20,Pardosa lugubris,6/19/2019,18.2,,,,,,,NIE,,2855,2115,,,KAM
KAM_21,Pardosa lugubris,6/19/2019,17.9,19.6,,,42,,42,NIE,,2912,2193,4411,4393,KAM
KAM_22,Pardosa lugubris,6/19/2019,15.6,15.2,,,30,,30,NIE,,2593,2052,3872,3858,KAM
KAM_1,Pardosa lugubris,7/5/2019,13.8,8.6,,,20,,20,NIE,,2545,2094,4121,3386,KAM
KAM_2,Pardosa lugubris,7/5/2019,13.9,6.9,,,15,,15,NIE,,2479,1925,3588,2718,KAM
KAM_3,Pardosa lugubris,7/5/2019,20.5,12.8,31,,,,31,NIE,,2736,2130,3628,3319,KAM
KAM_4,Pardosa lugubris,7/5/2019,14,9.2,,,24,,24,NIE,,2558,1945,4033,3599,KAM
KAM_5,Pardosa lugubris,7/5/2019,14.3,7.4,12,,,,12,NIE,,2449,1907,3427,3330,KAM
KAM_6,Pardosa lugubris,7/5/2019,20.9,14.7,27,,,,27,NIE,,2806,2183,3554,3456,KAM
KAM_1,Pardosa lugubris,7/17/2019,15.1,7.8,,,16,,16,NIE,,2602,2120,3456,2975,KAM
KAM_2,Pardosa lugubris,7/17/2019,17.4,11.2,,,23,,23,NIE,,2688,2064,3777,3758,KAM
KAM_3,Pardosa lugubris,7/17/2019,21.8,7.8,10,,,,10,NIE,,2883,2243,3018,2824,KAM
KAM_4,Pardosa lugubris,7/17/2019,20.1,14.6,27,,,,27,NIE,,2728,2152,3792,3683,KAM
KAM_5,Pardosa lugubris,7/17/2019,20.6,8.1,16,,,,16,NIE,,2684,2094,3176,3017,KAM
KAM_6,Pardosa lugubris,7/17/2019,17.2,10.5,12,,,,12,NIE,,2589,2057,3752,3426,KAM
KAM_7,Pardosa lugubris,7/17/2019,19.2,13,,,28,,28,NIE,,2744,2101,3800,3769,KAM
KAM_8,Pardosa lugubris,7/17/2019,19.5,11.7,,,,24,24,NIE,,2772,2199,3961,3793,KAM
KAM_9,Pardosa lugubris,7/17/2019,21.9,8.6,,,21,,21,NIE,,2994,2318,3394,3294,KAM
KAM_10,Pardosa lugubris,7/17/2019,20.7,6.3,,,18,,18,NIE,,2975,2167,3528,3130,KAM
KAM_11,Pardosa lugubris,7/17/2019,15.7,6.1,13,,,,13,NIE,,2543,2037,2841,2753,KAM
KAM_12,Pardosa lugubris,7/17/2019,13.9,1.1,5,,,,5,NIE,,2566,2021,2302,2521,KAM
KAM_13,Pardosa lugubris,7/17/2019,23.9,10.7,25,,,,25,NIE,,2892,2294,3734,3424,KAM
KAM_14,Pardosa lugubris,7/17/2019,21.3,9.8,18,,,,18,NIE,,2846,2251,3236,3031,KAM
KAM_15,Pardosa lugubris,7/17/2019,18.2,10,,,26,,26,NIE,,2586,2106,3922,3388,KAM
KAM_16,Pardosa lugubris,7/17/2019,20.1,12.3,28,,,,28,NIE,,2778,2080,4325,3252,KAM
KAM_17,Pardosa lugubris,7/17/2019,17.4,12.2,,,25,,25,NIE,,2653,2188,4082,3680,KAM
KAM_18,Pardosa lugubris,7/17/2019,21.9,10.5,22,,,,22,NIE,,2799,2200,3772,3001,KAM
KAM_1,Pardosa lugubris,7/30/2019,19.8,15.9,,,,32,32,NIE,,2663,2195,4487,3715,KAM
KAM_2,Pardosa lugubris,7/30/2019,20.5,11,,,23,,23,NIE,,2829,2230,4062,3415,KAM
KAM_3,Pardosa lugubris,7/30/2019,20.9,6.6,,,14,,14,NIE,,2677,2003,3376,3197,KAM
KAM_4,Pardosa lugubris,7/30/2019,15.6,11.7,,,22,,22,NIE,,2476,2035,4322,3350,KAM
KAM_5,Pardosa lugubris,7/30/2019,17.5,13.8,,,,23,23,NIE,,2655,2208,4086,3746,KAM
KAM_1,Pardosa lugubris,8/6/2019,18.7,14.6,,,25,,25,NIE,,2655,2121,4128,3803,KAM
KAM_2,Pardosa lugubris,8/6/2019,22.6,5.6,?,,,,,NIE,,2964,2277,2880,2047,KAM
